{"accuracy": 1.0, "_timestamp": 1725929782.775946, "_runtime": 7.861047983169556, "_step": 0, "_wandb": {"runtime": 5}}