{"accuracy": 1.0, "_timestamp": 1725929814.674967, "_runtime": 2.2852039337158203, "_step": 0, "_wandb": {"runtime": 1}}