{"accuracy": 1.0, "_timestamp": 1725929795.9831371, "_runtime": 2.8673882484436035, "_step": 0, "_wandb": {"runtime": 2}}